031, 01, 112.02543721154237, 02, 69.73294109886606, 03, 101.87497529454727, 04, 69.82147436437549, 05, 51.933832310950166, 06, 76.72747816083945, 07, 79.39649031684709, 08, 126.12045938900926, 09, 110.7675438309509, 10, 65.91212361505917, 11, 74.368359813921, 12, 141.07176251720085, 13, 158.13188600389444, 14, 60.465748060417546, 15, 67.0757925260427, 16, 199.34997998987052, 17, 105.6290075182555, 18, 97.45937543002941, 19, 158.7102606057642, 20, 158.50621519074735, 21, 129.20033754580135, 22, 91.61472903155743, 23, 59.14293419040782, 24, 74.04915072979993, 25, 55.40691897519014, 26, 66.85588079275254, 27, 115.09923872186337, 28, 56.14307671286424, 29, 119.57128458300481, 30, 158.17427873160096, 31, 73.26268805715628, 32, 100.20159236320754, 33, 57.858063008433724, 34, 73.96440227338213, 35, 106.88392313602976, 36, 64.29324703542031, 37, 177.12920152238829, 38, 119.7034283769578, 39, 76.62361491919002, 40, 94.97496405900681, 41, 65.02693955670586, 42, 115.28537447065314, 43, 113.61072954061353, 44, 119.31969761614155, 45, 109.2674883996038
032, 01, 33.13837319713159, 02, 82.25039220503247, 03, 36.24291394733234, 04, 33.52215544656442, 05, 31.884019246792214, 06, 106.38083233410399, 07, 113.50364888876679, 08, 92.02041552957813, 09, 32.73469264450399, 10, 43.751079570713934, 11, 124.56979855401036, 12, 34.68438335298892, 13, 31.333806308147576, 14, 118.02636703615227, 15, 95.48339659032922, 16, 134.73340968472388, 17, 99.42042834873938, 18, 106.47212554332255, 19, 43.94879243238383, 20, 32.98172974801078, 21, 33.295437853700086, 22, 30.62998885146282, 23, 33.03152533229783, 24, 92.76162676862981, 25, 125.54577812600905, 26, 32.69520181848602, 27, 46.28396625178685, 28, 135.43809562324785, 29, 90.80413376792504, 30, 75.06203250727074, 31, 115.43078215317072, 32, 30.64049462036229, 33, 102.92731215939293, 34, 136.12921698040319, 35, 101.41413493376129, 36, 31.952601370265292, 37, 168.36861492002683, 38, 104.5173296385183, 39, 133.3532199972994, 40, 34.70480934027263, 41, 33.07370826677298, 42, 30.37561143002764, 43, 98.34094446217998, 44, 103.03202903199649, 45, 99.89068481871865
033, 01, 84.59691905166417, 02, 218.91240508559684, 03, 93.91755141595834, 04, 77.52624447556545, 05, 86.97355543046793, 06, 296.99117740173017, 07, 169.08838905039045, 08, 219.94383945414387, 09, 145.01682174269195, 10, 93.00369306143749, 11, 182.81945888788135, 12, 178.39915403190346, 13, 77.5683110978455, 14, 81.21877704046737, 15, 160.2626600444451, 16, 202.06780415019838, 17, 199.73389598619383, 18, 140.53383726549345, 19, 84.72479124119181, 20, 97.81846337208792, 21, 184.70954803204893, 22, 115.21287511488374, 23, 185.97655499025342, 24, 204.01303966084174, 25, 194.23079975966235, 26, 150.74755349403375, 27, 190.16823934292955, 28, 199.66777959959316, 29, 227.69094142954881, 30, 89.42722770357933, 31, 161.9074352659511, 32, 228.4402701740491, 33, 106.21832268867327, 34, 91.66499487679089, 35, 81.29579370860625, 36, 84.83502380489466, 37, 98.24975090740213, 38, 95.68843570856637, 39, 95.24489033794217, 40, 187.31855221994365, 41, 173.78838431403494, 42, 203.3035881824873, 43, 173.98742301544831, 44, 95.91534626385153, 45, 107.41823291284588
034, 01, 63.40088569748633, 02, 160.3505580143702, 03, 204.06015011637118, 04, 158.50631771608357, 05, 123.35078126228521, 06, 162.45436443151286, 07, 70.61555578882235, 08, 68.52458606003756, 09, 141.51240046362616, 10, 68.7369960617816, 11, 139.2764256849924, 12, 124.04973946500509, 13, 144.11612673023214, 14, 82.97765961870122, 15, 58.772602303078635, 16, 125.60465611781774, 17, 149.26532167939482, 18, 67.34216555132996, 19, 193.6799315160825, 20, 69.47054324961034, 21, 68.6446575060512, 22, 141.5007409531995, 23, 150.07130738622638, 24, 214.65578435262606, 25, 139.87436693829545, 26, 84.96266550622549, 27, 55.04846586840008, 28, 66.4560775226453, 29, 70.0314390757081, 30, 145.28475683534256, 31, 67.31821791689829, 32, 63.96569429280662, 33, 71.22635730248933, 34, 74.71554344494616, 35, 66.5073180912173, 36, 144.5503386266472, 37, 148.53596266900482, 38, 150.13479428652118, 39, 96.27197558619628, 40, 155.33597094107682, 41, 173.5203975224279, 42, 141.25441638160302, 43, 232.79711844730195, 44, 73.73056290480292, 45, 173.5335227030236
035, 01, 42.00097944774516, 02, 180.12145920016206, 03, 46.83269211165158, 04, 47.06202973583072, 05, 222.37648680175235, 06, 145.98402540939296, 07, 154.16474864098322, 08, 51.54904115542301, 09, 164.09051131252752, 10, 41.0525144911994, 11, 152.918925962488, 12, 45.193457175053275, 13, 42.304051511025285, 14, 46.900041397613435, 15, 44.260126958542784, 16, 143.9481404980175, 17, 163.4902703987368, 18, 54.49321400858198, 19, 171.77866564036327, 20, 181.85248794693064, 21, 45.187676272140536, 22, 167.29182668531854, 23, 120.44435497462014, 24, 139.34426327256116, 25, 159.65017395507863, 26, 190.7634995100844, 27, 40.68695163945612, 28, 43.704593407695, 29, 137.9800124214409, 30, 44.58286893793398, 31, 46.6179173966082, 32, 47.97566219947571, 33, 125.23096543578508, 34, 130.7442540012884, 35, 176.2558190768865, 36, 187.6524696505954, 37, 42.02749217156366, 38, 39.02743904500245, 39, 104.30602605426354, 40, 142.83184981533955, 41, 45.108683324414834, 42, 131.72537788211554, 43, 50.9359590204122, 44, 134.09596369400168, 45, 123.71594414664666
036, 01, 149.43338507292177, 02, 154.67335692406002, 03, 63.39564680734016, 04, 108.6238471523221, 05, 53.59457033357222, 06, 58.29258632663887, 07, 134.72186316658554, 08, 154.0239202753118, 09, 72.07219566625706, 10, 72.69886531798332, 11, 177.36646186885713, 12, 156.57226243339147, 13, 52.41547707389104, 14, 97.60767445368474, 15, 52.62812097459191, 16, 46.20918537385409, 17, 61.26199607967525, 18, 58.05627770523381, 19, 58.30989238030496, 20, 44.47120069434574, 21, 115.93541110588653, 22, 135.47123587455332, 23, 158.94802706139276, 24, 118.6588437090624, 25, 165.9852887289623, 26, 51.81209116578138, 27, 59.961877311330774, 28, 53.490659839235306, 29, 46.1390833539689, 30, 226.62933297886838, 31, 106.52097390472711, 32, 176.1516463130666, 33, 163.0907779156543, 34, 57.888687297092964, 35, 175.43141687785038, 36, 67.34739333370872, 37, 111.79448639974586, 38, 145.59322317214094, 39, 133.74993561614423, 40, 165.88422350752316, 41, 116.30788941804258, 42, 157.95026737242137, 43, 55.839766465973355, 44, 58.77248145960986, 45, 108.06855902003585
037, 01, 15.445146995782855, 02, 14.764455989742071, 03, 32.311328243742494, 04, 20.94676238343343, 05, 12.897682420640205, 06, 15.088219925820502, 07, 16.864877219849895, 08, 25.35855545387502, 09, 14.77108153572297, 10, 13.69939714196459, 11, 65.35468776924152, 12, 55.59601172608601, 13, 125.61677268876797, 14, 43.721949017057995, 15, 39.87274167548055, 16, 18.185135439653134, 17, 14.83783045664319, 18, 22.22383857767683, 19, 13.677356598377866, 20, 23.5180711374662, 21, 33.358306773839125, 22, 12.529684980653258, 23, 31.409549658559023, 24, 16.697909922672363, 25, 11.932591272811674, 26, 26.10138605863533, 27, 13.365826673515045, 28, 17.000342413289562, 29, 26.826900046822384, 30, 14.529413708540194, 31, 23.678811215549736, 32, 13.246337899351001, 33, 16.661765344380008, 34, 141.70961423515047, 35, 17.728091642002987, 36, 19.39917621828431, 37, 17.632468897910076, 38, 12.044766719876844, 39, 22.342050777765145, 40, 86.72604973580768, 41, 13.27627850349769, 42, 11.891252315883667, 43, 24.58204734402501, 44, 20.56839198775933, 45, 14.369407580456869
038, 01, 68.03028284908808, 02, 163.56234702318255, 03, 116.65828755197779, 04, 152.4242513457419, 05, 64.60216773916736, 06, 78.07055028738361, 07, 175.65380930673314, 08, 98.32947854207089, 09, 168.95295858616845, 10, 68.27869345613234, 11, 222.22164572450328, 12, 59.84862357042657, 13, 175.95783509478431, 14, 68.46519504297031, 15, 110.30175994654337, 16, 203.9119231028031, 17, 105.69358952959303, 18, 145.38618421379547, 19, 187.2644755023312, 20, 76.85148038942644, 21, 84.3649843311421, 22, 62.54791842778572, 23, 60.28094770952382, 24, 88.4245099039038, 25, 139.27349849256458, 26, 159.76810168750882, 27, 62.1044385207368, 28, 62.08231719057951, 29, 129.6482283489962, 30, 84.18787346793063, 31, 74.38527042842908, 32, 97.46250438823073, 33, 167.61260897220615, 34, 169.36098934031816, 35, 69.85771788241013, 36, 167.72902977722418, 37, 102.20794491028127, 38, 167.87889873371898, 39, 57.1996048133657, 40, 132.83962861370568, 41, 155.83192079708482, 42, 110.73656614004815, 43, 60.720357418910545, 44, 153.02673344718474, 45, 83.69878890296124
039, 01, 33.536390936712756, 02, 96.67473764765421, 03, 37.801700031728714, 04, 39.65708978455086, 05, 178.94250794250303, 06, 35.20816024907267, 07, 177.9539022116191, 08, 39.75143325419659, 09, 205.36961953627747, 10, 229.11049267398533, 11, 34.77741156536713, 12, 112.71175161761116, 13, 37.989752341927456, 14, 235.4391986616592, 15, 35.27117898457388, 16, 34.24289299805523, 17, 109.34393192827592, 18, 185.48336303881985, 19, 141.6726952118616, 20, 200.6919616059816, 21, 168.85870274425875, 22, 156.51004437623993, 23, 172.7505096131261, 24, 208.48961399042295, 25, 188.0452634974148, 26, 96.22733761450601, 27, 206.7778989905931, 28, 37.82397333978947, 29, 168.88909894075852, 30, 186.27663588015076, 31, 45.93026796697501, 32, 35.264547548755814, 33, 36.00283896296084, 34, 165.9446182365902, 35, 37.9527475343214, 36, 46.355075959824326, 37, 162.90908513052673, 38, 184.07490709615502, 39, 40.597006896993626, 40, 36.50766288898971, 41, 39.08410739121886, 42, 104.39680334506792, 43, 157.76946301436863, 44, 36.9423614799683, 45, 41.290965109851506
040, 01, 45.961707638380304, 02, 56.92187649477002, 03, 51.53565287830851, 04, 126.32138950270436, 05, 53.76927065501904, 06, 51.27571201955109, 07, 65.23273282161581, 08, 295.96644785974945, 09, 190.81278836452458, 10, 249.35267751317807, 11, 52.576963319308426, 12, 303.6958365220044, 13, 47.94977791253792, 14, 48.32231449404527, 15, 301.2049566917741, 16, 219.09853846734327, 17, 46.19356528247801, 18, 49.9677646620755, 19, 53.917940555571725, 20, 92.34988387795082, 21, 270.85525022790273, 22, 112.1918959158825, 23, 116.84563018072427, 24, 50.493360100317076, 25, 54.295833246948405, 26, 45.22358259878753, 27, 49.940931244061176, 28, 271.29898811634024, 29, 56.84270035029425, 30, 45.466210750109475, 31, 463.5660059690369, 32, 196.46918353123058, 33, 136.83732119423462, 34, 159.37433457790445, 35, 180.43418516898382, 36, 124.20278286969798, 37, 121.29349212107222, 38, 330.58902180534005, 39, 176.2971476258547, 40, 61.959225382976875, 41, 55.6033332560212, 42, 115.63158938680658, 43, 485.42095675177916, 44, 129.88131052660248, 45, 131.4679454666496
041, 01, 366.58687916429255, 02, 82.78050770245116, 03, 99.25620793293155, 04, 284.49137668897396, 05, 84.62675486757446, 06, 73.83949588088164, 07, 94.65161044266212, 08, 299.17965535056254, 09, 123.99486433510712, 10, 85.50762746640112, 11, 93.371912776464, 12, 108.42812333799927, 13, 210.3414594738888, 14, 246.3689369228593, 15, 120.81389071065226, 16, 69.97892657962055, 17, 254.00208131550048, 18, 252.01095662207658, 19, 194.86747419538932, 20, 89.22066565326469, 21, 66.18864039282826, 22, 89.52619799358932, 23, 96.70734234286445, 24, 86.61788102052863, 25, 86.31557029793366, 26, 87.96339442937679, 27, 108.39080351561518, 28, 119.591639868493, 29, 157.31958001129516, 30, 122.41398214714036, 31, 149.2355428200766, 32, 182.41992840830548, 33, 126.58496551063865, 34, 137.33139840879133, 35, 124.44955816866832, 36, 182.91662041297485, 37, 124.42427537388657, 38, 87.25806509773639, 39, 113.91270608105205, 40, 90.79799353683146, 41, 126.73484099650213, 42, 94.87221828332733, 43, 92.5462585959377, 44, 78.2631884970203, 45, 86.9337540517336
042, 01, 101.08841012585842, 02, 227.9210188263171, 03, 457.5408706294491, 04, 172.46652244129012, 05, 177.3737845368104, 06, 317.8118890437251, 07, 434.40471140229465, 08, 80.63786942795348, 09, 269.7394889227961, 10, 85.78995243259727, 11, 374.3745971101059, 12, 85.23093460468553, 13, 212.13185897926473, 14, 78.58747639445463, 15, 84.09110365248435, 16, 319.3303713060927, 17, 184.79505015709483, 18, 98.1828356539796, 19, 206.7257596473916, 20, 81.18008905009063, 21, 98.0960249715601, 22, 254.28428786228352, 23, 186.43729690065985, 24, 95.49003246440832, 25, 81.44874914475587, 26, 520.4591586432837, 27, 252.41298691077728, 28, 78.12216364550274, 29, 78.89063440075034, 30, 91.34987455268808, 31, 362.555658139205, 32, 274.21313521198533, 33, 78.51513158641953, 34, 85.33341913517388, 35, 82.3745125472558, 36, 373.0220599785003, 37, 244.46863487556, 38, 79.51678452516146, 39, 81.38407719931574, 40, 483.26489351071393, 41, 206.90559470122565, 42, 92.43416439968851, 43, 245.84332385570505, 44, 231.00763207420565, 45, 258.8487005304511
043, 01, 52.45982109794458, 02, 64.85397514640286, 03, 53.5192276238976, 04, 56.26626943422643, 05, 278.1633615140537, 06, 312.73171368324057, 07, 250.20190173416518, 08, 57.19283471258642, 09, 183.8483574620259, 10, 52.543647664800325, 11, 252.48444983249524, 12, 54.05810415894022, 13, 239.64706591016594, 14, 255.70648277790056, 15, 51.85387402755324, 16, 54.73137185495784, 17, 52.343461495695806, 18, 53.37612075866912, 19, 54.114595234600564, 20, 296.2348383216246, 21, 193.0278921724175, 22, 202.00045207751364, 23, 217.98444034357559, 24, 520.3662016747235, 25, 390.47698249589195, 26, 292.86919654427965, 27, 248.56848064132424, 28, 69.2668787769854, 29, 349.4865493170846, 30, 274.8889797738278, 31, 213.58396825869164, 32, 50.824343368886865, 33, 227.51049584350048, 34, 236.47125788274258, 35, 281.86594501110153, 36, 329.3631839016053, 37, 63.714644352120274, 38, 60.34079224362298, 39, 358.9639508504499, 40, 49.96848536436551, 41, 58.74155613695409, 42, 60.83638258964855, 43, 322.7079908657492, 44, 347.0436593368132, 45, 57.659822108067985
044, 01, 378.8318946244566, 02, 442.54915845628057, 03, 255.54969747038677, 04, 574.9815440550784, 05, 179.55204661208617, 06, 342.9957735233309, 07, 300.4239052277597, 08, 597.6326113895387, 09, 330.85622456112804, 10, 175.40034425567214, 11, 247.31087121402533, 12, 265.23398629256656, 13, 386.11877999968993, 14, 203.68952380619646, 15, 175.94965606089326, 16, 442.72023430773254, 17, 217.20613635927117, 18, 388.74661101369514, 19, 369.97631199457146, 20, 444.6492352560832, 21, 404.4075230141825, 22, 380.79153351868507, 23, 175.7430757932746, 24, 344.2127016156518, 25, 393.3780741509542, 26, 158.9527477100817, 27, 544.2595283184643, 28, 176.4237911036608, 29, 234.3368222510412, 30, 205.66729346266328, 31, 211.1414231040727, 32, 484.37077832505327, 33, 453.83311200587957, 34, 532.7810345401051, 35, 373.01151760957663, 36, 259.1655538088077, 37, 422.0244412859441, 38, 426.5502120310005, 39, 401.08584149747463, 40, 242.01551151789494, 41, 184.74349946968934, 42, 188.1619023005114, 43, 560.8396350367042, 44, 191.38989629254303, 45, 422.44270950901534
045, 01, 309.53422117872617, 02, 97.26663477820765, 03, 267.91107859658877, 04, 341.6896692879326, 05, 231.52821168785104, 06, 216.7465902160406, 07, 112.9392241184539, 08, 101.43592721516134, 09, 104.60461274336951, 10, 247.43094753146642, 11, 107.23763825530546, 12, 415.9203912639667, 13, 100.72530936648488, 14, 425.89278561449476, 15, 264.0110355635883, 16, 92.53819402906582, 17, 91.64288373782486, 18, 370.30765492579997, 19, 198.32685080411161, 20, 177.28144282109002, 21, 520.0795555051407, 22, 219.5864413941942, 23, 216.8921571578358, 24, 211.6496354429311, 25, 88.90628879734143, 26, 228.9639807675921, 27, 337.6006301471856, 28, 123.22931470861025, 29, 229.83045785518362, 30, 93.01661334485394, 31, 99.47943730631832, 32, 86.17302529086338, 33, 92.01331218726473, 34, 114.0342317323693, 35, 115.74074378367672, 36, 203.0291558075057, 37, 248.09616849200606, 38, 123.64572095974488, 39, 419.0556709979155, 40, 100.04115499272442, 41, 211.70642302403934, 42, 425.25874625955566, 43, 400.0968534556904, 44, 109.61124908268218, 45, 108.22357367611895
046, 01, 327.44131705829943, 02, 260.05238085064826, 03, 1155.8579553933869, 04, 232.68548985508528, 05, 936.1986863078658, 06, 631.4398504669022, 07, 449.7615846671275, 08, 440.20799711308956, 09, 246.52407914156692, 10, 879.2526696996911, 11, 237.9239629740192, 12, 713.9995169598145, 13, 265.2053250627965, 14, 969.7036186510213, 15, 346.2886232817069, 16, 213.97906414737855, 17, 443.01836235868296, 18, 279.7403243357217, 19, 262.14113399357046, 20, 926.1789866908515, 21, 297.20149674287927, 22, 403.44604429889466, 23, 345.1242506268362, 24, 570.2770780509304, 25, 358.17218741021554, 26, 315.06911250536825, 27, 420.75472778840657, 28, 404.8053116651241, 29, 262.83771226345806, 30, 396.37227477740055, 31, 492.50786818787327, 32, 226.83921428203172, 33, 435.34807892297204, 34, 313.62989948901094, 35, 500.2002311330419, 36, 254.63439731560365, 37, 331.9633085012554, 38, 237.8024798988181, 39, 394.7567354041963, 40, 476.4455325047826, 41, 206.61670284642113, 42, 275.255538720612, 43, 576.1195434828343, 44, 256.92001922488237, 45, 859.3424500408422
047, 01, 376.80776036774716, 02, 327.0776961155659, 03, 228.71506138254364, 04, 282.0115705926229, 05, 306.709209081221, 06, 393.75701578665496, 07, 379.8360012082423, 08, 269.28387266506917, 09, 206.70370318597688, 10, 397.0563448395214, 11, 280.90276596930573, 12, 205.36110215032286, 13, 338.8409398712303, 14, 178.8568057757595, 15, 299.5904377977834, 16, 210.63390786569897, 17, 165.92782424426017, 18, 213.42735469963336, 19, 346.02276460289136, 20, 475.87087139584946, 21, 211.2702307425894, 22, 306.1953776140127, 23, 153.80754379717564, 24, 361.4648846893319, 25, 189.22997697356132, 26, 361.39649816570073, 27, 542.7202193373665, 28, 414.94758370053523, 29, 221.90089277261342, 30, 352.9908473904846, 31, 308.9166969972649, 32, 488.50337147213395, 33, 282.1344087729555, 34, 495.44011688695326, 35, 336.9728607966957, 36, 328.0273085719719, 37, 185.60803774251977, 38, 240.46425468053388, 39, 202.5180644614972, 40, 198.4364082103689, 41, 260.13141241566603, 42, 219.30065633738764, 43, 231.79877184389062, 44, 506.0845498561942, 45, 325.6689135972473
048, 01, 31.81775954876727, 02, 156.59922114161927, 03, 35.430757170901884, 04, 42.033612892817715, 05, 134.77743693196962, 06, 29.541162908785214, 07, 198.3854709621409, 08, 109.93946577279041, 09, 156.85830934765335, 10, 85.02651118645323, 11, 36.350132920787345, 12, 88.55753796342427, 13, 187.27588288154294, 14, 36.372238518938566, 15, 131.95341293316105, 16, 35.09797029888033, 17, 46.30224370618292, 18, 56.57365439661994, 19, 34.006301615904114, 20, 62.979376111121, 21, 76.45991237226961, 22, 90.32146381848226, 23, 35.84837124549262, 24, 45.73516045492697, 25, 99.20215330211708, 26, 61.72484758384271, 27, 65.19064075789942, 28, 40.163252953765266, 29, 166.47598862757337, 30, 135.04314390161014, 31, 112.58903328873275, 32, 174.07760060811796, 33, 42.11810388672332, 34, 72.52841229214282, 35, 99.1929828765291, 36, 75.3343257808967, 37, 85.93991969700778, 38, 40.212958601894876, 39, 53.02725635785339, 40, 33.55022312741603, 41, 29.00958048902106, 42, 36.34810083663947, 43, 28.44006781344506, 44, 154.18314055633724, 45, 126.06359117871025
049, 01, 31.492118810817736, 02, 29.490280814534692, 03, 106.3526545962109, 04, 84.77117662341598, 05, 108.65526155644758, 06, 119.39297416649524, 07, 92.10181964177734, 08, 158.4211125893763, 09, 30.36312065894474, 10, 126.8322607389138, 11, 27.366314284635592, 12, 46.3464949372388, 13, 112.42068802108557, 14, 88.73551634823188, 15, 31.208170587913543, 16, 32.42330670141489, 17, 68.13954002958, 18, 89.58648747665173, 19, 33.60410035901198, 20, 128.11809596636493, 21, 107.53345050444102, 22, 200.8903406798332, 23, 129.74696233678975, 24, 65.5575225030609, 25, 96.88341104825858, 26, 114.06084117189114, 27, 114.27282902289483, 28, 91.8478272726544, 29, 81.40259014100155, 30, 28.44375898935873, 31, 115.21448777645226, 32, 39.84895123100556, 33, 98.23248773271581, 34, 151.19379048667864, 35, 28.409195278183507, 36, 30.013628423710863, 37, 36.418024235133615, 38, 140.45458163928416, 39, 38.017894821277835, 40, 38.51665102888074, 41, 41.965172747526836, 42, 26.487322423837934, 43, 32.80505189324352, 44, 75.57975146328562, 45, 87.52247361812685
050, 01, 47.172806085166464, 02, 52.386385994085664, 03, 86.25346360044833, 04, 226.65894580381936, 05, 55.33564045517464, 06, 244.8413791296056, 07, 254.56075309555862, 08, 60.40580798631494, 09, 162.63851764881193, 10, 198.09698299521602, 11, 50.151798761316584, 12, 168.03009482392005, 13, 57.844516839984806, 14, 213.5289760935083, 15, 172.34341724136092, 16, 48.75657137986646, 17, 280.1204451168282, 18, 216.01700169862096, 19, 55.008205403538014, 20, 59.3956365149804, 21, 55.817602269148495, 22, 50.642657860953236, 23, 58.63157904689259, 24, 232.6443073447483, 25, 458.773959443047, 26, 310.0812456650376, 27, 233.99190997398532, 28, 54.43334522603593, 29, 54.16220624151963, 30, 367.6305613952835, 31, 52.8061760864919, 32, 175.6560105225679, 33, 51.64112728968464, 34, 397.2668584366741, 35, 282.0228356061902, 36, 195.16399610942756, 37, 249.98756165369522, 38, 51.12006071276601, 39, 209.68404801701155, 40, 311.4338378017677, 41, 241.90543763631527, 42, 249.40318462918785, 43, 356.94681775724655, 44, 60.08260433047536, 45, 85.85581252754427
051, 01, 55.03577857476421, 02, 61.58334264237146, 03, 154.59638456595266, 04, 208.20380339206866, 05, 132.91150437206988, 06, 170.88536281892232, 07, 66.38682063533108, 08, 171.1393349763845, 09, 58.91906479622186, 10, 74.99413234933724, 11, 63.010886109185165, 12, 64.52655347650658, 13, 179.51661643920298, 14, 120.71952363427836, 15, 80.43812767990266, 16, 148.86973085958851, 17, 61.22833623452984, 18, 55.10256098958433, 19, 65.66433199667017, 20, 171.43463840944935, 21, 52.548341554712195, 22, 153.34046429251424, 23, 66.12297631461531, 24, 203.07607694521926, 25, 66.00082011600509, 26, 76.6030090370642, 27, 259.96452846959465, 28, 176.89171030903793, 29, 130.6369064350205, 30, 146.81150448522504, 31, 58.338951540485674, 32, 202.45046691417065, 33, 160.22633976508115, 34, 178.54663242520533, 35, 181.79532360909508, 36, 197.60532205592807, 37, 65.23120443396623, 38, 58.341630732311614, 39, 147.2967507751839, 40, 229.93046341184203, 41, 140.85445725238634, 42, 159.3163241552724, 43, 143.4209636208976, 44, 55.678287915469696, 45, 59.35683031960999
052, 01, 170.96606583006235, 02, 169.13497301648988, 03, 167.2453635560596, 04, 152.73036641681628, 05, 186.28898465878333, 06, 252.1478243705216, 07, 39.662486562938334, 08, 47.466530140836014, 09, 155.1049961384439, 10, 38.32621169276014, 11, 47.99613499150127, 12, 218.27805247852012, 13, 193.18550538150072, 14, 39.38207332202234, 15, 40.35245256862076, 16, 194.41997798794097, 17, 189.80201056154232, 18, 223.76031460317162, 19, 52.40257583932672, 20, 144.40219654321385, 21, 74.00112125174931, 22, 46.7079767853772, 23, 182.85465413299497, 24, 39.21038083825166, 25, 50.797274751291454, 26, 48.198836649071595, 27, 35.35248659577048, 28, 47.83488756059684, 29, 56.13929220793102, 30, 134.16836855122102, 31, 226.47431999972886, 32, 39.156252060310194, 33, 42.147433298403584, 34, 197.62664644441793, 35, 148.91953653643142, 36, 150.46265188305648, 37, 303.686918211273, 38, 141.35971494907136, 39, 169.03110002654572, 40, 43.56955329053282, 41, 41.419395436217584, 42, 41.901254912216736, 43, 154.98223296057517, 44, 190.09211781704752, 45, 174.65878268102938
053, 01, 177.80025682700688, 02, 647.0314087961672, 03, 768.9527151490299, 04, 174.43977104678868, 05, 393.3665206228585, 06, 432.8418858862785, 07, 252.25754601334148, 08, 335.83016781635513, 09, 209.87742513273844, 10, 449.28010401905624, 11, 453.7508536559375, 12, 199.04551089687817, 13, 765.677898676337, 14, 279.5558212955094, 15, 507.3867443230862, 16, 401.54605485539827, 17, 900.1933129317258, 18, 179.95637686533564, 19, 548.8440723708753, 20, 190.44672052705747, 21, 238.8909335859672, 22, 362.24581589284963, 23, 349.00451261788885, 24, 367.8647306562057, 25, 511.8278192735359, 26, 349.7360563803421, 27, 625.7009425736377, 28, 226.0866654547097, 29, 420.1462897705863, 30, 582.3344341785416, 31, 210.2130389584297, 32, 168.89633872752938, 33, 187.94915255541855, 34, 474.11892514405446, 35, 382.75374456914193, 36, 545.304379532961, 37, 523.8327810023088, 38, 379.1826054408881, 39, 332.5164281378346, 40, 163.71493112546074, 41, 351.36959443644935, 42, 161.85199884218855, 43, 386.6304253795784, 44, 560.5952304924169, 45, 269.6603970034296
054, 01, 132.43026242723988, 02, 328.46628616078476, 03, 138.07326448277811, 04, 286.67522657746764, 05, 164.64036072452456, 06, 104.76735925904936, 07, 227.56367757003574, 08, 121.44375944617954, 09, 110.66707006823438, 10, 222.78054517163514, 11, 242.8339316101382, 12, 98.98098152389846, 13, 318.0030145931294, 14, 460.4312134907194, 15, 341.5123650639918, 16, 224.99382036930425, 17, 148.27781604544793, 18, 252.87875082583605, 19, 102.02758559236402, 20, 309.2464612237404, 21, 121.64458783537934, 22, 277.6406594740939, 23, 272.04102753853897, 24, 129.40079483844767, 25, 112.45983138504467, 26, 280.5594204532075, 27, 118.8224349597627, 28, 149.1607516216829, 29, 252.96304344115043, 30, 308.9566721899633, 31, 318.9691277093806, 32, 244.1196218795088, 33, 119.23628786903654, 34, 301.47913466484397, 35, 378.8275095030286, 36, 290.50568147987525, 37, 104.50017594817436, 38, 137.49266375605862, 39, 256.19505603257716, 40, 111.95534009975708, 41, 256.90529966452016, 42, 222.11692957427968, 43, 472.3470966221852, 44, 120.70247520129087, 45, 91.99033233153736
055, 01, 40.47482915549648, 02, 111.62866697886379, 03, 165.38204453218924, 04, 282.38527821577486, 05, 52.412627981501984, 06, 51.91988156642219, 07, 177.0674342046057, 08, 56.971060440773854, 09, 74.5279767721287, 10, 196.73163240416548, 11, 42.02767093396204, 12, 54.6829265428432, 13, 69.56085217852272, 14, 108.2418212407933, 15, 76.73880236592842, 16, 95.6309769414115, 17, 175.10534263916773, 18, 133.16972097313652, 19, 59.15142381132896, 20, 62.296955402998094, 21, 85.11752879959215, 22, 178.66682239489768, 23, 52.3512772094506, 24, 56.08688494456501, 25, 54.89487287889593, 26, 87.22884829352844, 27, 58.110197642725666, 28, 89.63080120519012, 29, 48.97151547020437, 30, 114.22921333356791, 31, 264.9688273574223, 32, 75.56337998184335, 33, 92.30643886690504, 34, 65.10999178888231, 35, 144.20358922716701, 36, 52.63162155913615, 37, 137.26976070212623, 38, 56.92612131302644, 39, 51.978894786577904, 40, 179.37847145751653, 41, 164.2114680668573, 42, 119.97555236811024, 43, 97.88284105132834, 44, 174.95082221968227, 45, 41.69450288316781
056, 01, 305.8025920194799, 02, 125.10713261175684, 03, 140.89273256283903, 04, 261.1294186696947, 05, 366.36184580623313, 06, 363.67016658915514, 07, 144.08922311880696, 08, 213.23706923462015, 09, 130.71963271426296, 10, 378.7307767113865, 11, 105.83101901416953, 12, 119.98779897924445, 13, 362.63338251103613, 14, 682.2202909473674, 15, 131.06071223797278, 16, 213.76411647949377, 17, 244.59777847040118, 18, 346.8087310188309, 19, 254.59540144121092, 20, 105.26142016825705, 21, 210.2895569102985, 22, 175.3569281421091, 23, 193.7440526401879, 24, 118.20561365768467, 25, 278.51873154326006, 26, 135.89808799741212, 27, 255.0184659981441, 28, 109.03492019867599, 29, 190.95611199813175, 30, 122.31964432422983, 31, 335.19452958963495, 32, 213.46974931564097, 33, 209.04456521189664, 34, 100.82594434511013, 35, 303.768870108798, 36, 298.47306606301953, 37, 312.1247097541844, 38, 164.62548251499985, 39, 401.45788839786326, 40, 352.22258046655895, 41, 107.44533620701513, 42, 99.22291705543662, 43, 212.80674240025647, 44, 162.61583023784033, 45, 120.77556121467128
057, 01, 145.56336947141796, 02, 55.22903315417434, 03, 157.89402502546696, 04, 178.92774600839337, 05, 68.35277809195387, 06, 65.5161900457953, 07, 142.94721467047674, 08, 130.11999660130346, 09, 135.72583603797153, 10, 159.35831687250695, 11, 227.9781558116221, 12, 62.91224663073483, 13, 99.8536222584971, 14, 248.0163217356523, 15, 215.35771859660713, 16, 92.62989043816235, 17, 84.31447263151591, 18, 144.45826403607884, 19, 137.52446913275315, 20, 212.2066648807373, 21, 60.975055628544716, 22, 187.0381356499063, 23, 64.56362642033238, 24, 124.8312994570036, 25, 72.11361188275308, 26, 53.737619814335645, 27, 70.04414671980874, 28, 195.8754803620546, 29, 161.79406680251435, 30, 216.83810144508942, 31, 68.63290288788974, 32, 100.40481827813322, 33, 121.39626468911986, 34, 58.88053202334834, 35, 268.8976035435692, 36, 145.94622142549125, 37, 64.65975443784282, 38, 130.17254089506204, 39, 108.18153255597929, 40, 67.69529745432385, 41, 150.7447209013225, 42, 61.75377223241592, 43, 140.80931344186178, 44, 145.68195492109498, 45, 328.6610518103147
058, 01, 106.21693498600519, 02, 93.9738886193528, 03, 92.12176785887226, 04, 58.93761161271276, 05, 58.1074666814156, 06, 371.10112813862827, 07, 313.3097888007363, 08, 52.82093353514349, 09, 135.11157941397718, 10, 153.20499982587532, 11, 148.52652600092907, 12, 64.87826896799265, 13, 63.992418001407415, 14, 67.3595128630509, 15, 122.34086256190437, 16, 87.42210218910431, 17, 71.89772037230352, 18, 55.482069849093094, 19, 81.84850573127429, 20, 52.90904134989089, 21, 88.22169670324404, 22, 217.06485683244654, 23, 93.5086240558882, 24, 84.70894429667715, 25, 75.30192183675925, 26, 55.231570135033415, 27, 66.35347616247661, 28, 105.31997611420059, 29, 75.79998124214373, 30, 109.89992589210219, 31, 74.29595681637834, 32, 135.1481277079077, 33, 94.6229049225138, 34, 223.04682470784783, 35, 270.48652479826643, 36, 99.3543895643429, 37, 96.43119193912064, 38, 66.14475513163913, 39, 100.88405264545705, 40, 65.1776454253974, 41, 149.68157251695226, 42, 59.80046366566741, 43, 78.27684099742105, 44, 70.00729106383645, 45, 55.27802399592076
059, 01, 170.33532364180533, 02, 69.08232097033815, 03, 96.79596591408546, 04, 56.92367744242419, 05, 94.1240814756276, 06, 123.34958196960437, 07, 178.6602766056779, 08, 145.17970535318577, 09, 846.7961814444749, 10, 51.70365993392809, 11, 62.0159833534796, 12, 92.14668028585626, 13, 59.87697637451298, 14, 62.665995368382696, 15, 315.7926970686367, 16, 59.52051959707944, 17, 58.42162977470317, 18, 59.12171977473031, 19, 108.16835963618357, 20, 183.71318365978811, 21, 92.18163653823191, 22, 50.91976122622445, 23, 169.77137507963155, 24, 64.85104034856597, 25, 58.25092579340626, 26, 174.80506619182427, 27, 244.64511335810909, 28, 170.02924594432915, 29, 54.52104262952503, 30, 75.72011684907396, 31, 45.2873028487167, 32, 67.81905241756306, 33, 701.8468806109198, 34, 182.01415376602267, 35, 119.77723869407141, 36, 57.320796135706686, 37, 62.42786949707975, 38, 178.6642464694436, 39, 319.9800314585194, 40, 59.86949494818932, 41, 63.411826375565695, 42, 110.67780429015707, 43, 95.69795416321098, 44, 577.4833724909612, 45, 111.8946713812581
060, 01, 52.6175601596279, 02, 92.22516187406009, 03, 144.74058454786908, 04, 140.87524548358334, 05, 47.155533209759, 06, 67.86115249425137, 07, 54.079300917165504, 08, 49.52925745147465, 09, 50.258084541832815, 10, 87.40151233683294, 11, 157.05789485851923, 12, 151.40910073136956, 13, 298.87686038156824, 14, 115.50269543496829, 15, 58.75705002113364, 16, 85.74173217973387, 17, 235.31510501722232, 18, 100.72612458908051, 19, 86.59336095263737, 20, 47.487854950711274, 21, 292.90093444095817, 22, 45.24891189074284, 23, 176.02112257009125, 24, 56.26960208144793, 25, 423.6256340006703, 26, 50.10155181309942, 27, 91.1226219269687, 28, 53.08031938756058, 29, 142.06469729545785, 30, 162.8093807190452, 31, 49.13870968112197, 32, 142.49716748150973, 33, 58.144361857383764, 34, 164.68044160393302, 35, 45.41848951388029, 36, 101.58299048150953, 37, 53.144159615312255, 38, 92.70269834228218, 39, 113.06754928114583, 40, 143.39118625689477, 41, 52.616648383204904, 42, 47.16317845564617, 43, 42.54909192758415, 44, 324.36611552054603, 45, 61.84766265234665
061, 01, 188.2332434952028, 02, 208.09637233095387, 03, 78.6416195890354, 04, 247.3012681575333, 05, 227.96886324975202, 06, 98.64202189546933, 07, 231.6389873500887, 08, 97.05398411446046, 09, 186.27668704413696, 10, 171.6197501265156, 11, 119.43505595967333, 12, 254.08958928486499, 13, 71.52825598361207, 14, 233.5221857179833, 15, 125.76380508544764, 16, 87.21333725617356, 17, 126.82020404381174, 18, 176.5126558204549, 19, 174.12242483549016, 20, 202.98753422985033, 21, 78.89982764000885, 22, 94.55485868608073, 23, 190.80712809560833, 24, 146.3514132046274, 25, 185.89121873550926, 26, 330.4087306421375, 27, 86.98416260748343, 28, 197.01047887827696, 29, 210.4774858379862, 30, 160.49469183142304, 31, 299.8119324941686, 32, 220.9547103945128, 33, 111.62814428621873, 34, 98.59864442551523, 35, 98.38825695000969, 36, 263.74237263117624, 37, 94.47392430125788, 38, 309.5971801865162, 39, 280.981253290728, 40, 139.38739340263078, 41, 89.41297158910004, 42, 362.86098774767004, 43, 90.29326337576815, 44, 183.15885943236455, 45, 77.61987637699933
062, 01, 204.98798069825565, 02, 178.8956822238131, 03, 329.851796372966, 04, 74.04341148979259, 05, 153.94532647015484, 06, 197.50821935221867, 07, 65.66157141815407, 08, 78.65689172767495, 09, 213.40189345579788, 10, 153.71753469922965, 11, 63.812995718165986, 12, 60.38478717364755, 13, 119.02857061706405, 14, 71.07740230372488, 15, 142.07251280466176, 16, 381.78391331964826, 17, 143.64198205942017, 18, 121.91977225837152, 19, 77.13109950901976, 20, 150.08705181830953, 21, 206.31257104160278, 22, 134.51059989286048, 23, 338.60100890463025, 24, 78.99932853038659, 25, 175.51407117797567, 26, 84.64362501932735, 27, 100.60120925328192, 28, 360.5309576633204, 29, 245.65716008541602, 30, 191.6108978168619, 31, 166.43637756988943, 32, 92.41660079661766, 33, 218.29226654516827, 34, 162.40416881427728, 35, 80.06075131944002, 36, 109.89524749088359, 37, 144.94763816362695, 38, 110.31523717441542, 39, 266.88708609317933, 40, 185.65772978429763, 41, 77.23633721771435, 42, 76.62884692710773, 43, 71.54621849715281, 44, 68.03117284281329, 45, 112.08724265288383
063, 01, 62.57667409464417, 02, 327.04826503099076, 03, 188.7790755250419, 04, 406.79182884908937, 05, 72.48019110433714, 06, 197.8947526895507, 07, 368.16519337609645, 08, 60.776042117357655, 09, 364.35879679120524, 10, 189.9305625210613, 11, 61.965923902687585, 12, 480.4924267562295, 13, 195.21903083903254, 14, 70.8907034775618, 15, 330.79219085051557, 16, 347.7857888965111, 17, 62.763870552423086, 18, 216.37631692155895, 19, 278.294548034968, 20, 68.97378853732306, 21, 69.39930189763136, 22, 197.30032240895497, 23, 67.6013963134512, 24, 207.17319025596643, 25, 305.2294194954223, 26, 58.865269617624435, 27, 207.67725377735692, 28, 58.894503527715, 29, 60.783817401655334, 30, 65.29534761761882, 31, 68.44776468297808, 32, 209.74002075289485, 33, 209.03393081859548, 34, 63.443779405769895, 35, 216.1228456531714, 36, 193.32477769601812, 37, 195.37998659686636, 38, 234.5553854136568, 39, 61.189440147441985, 40, 62.89952995590342, 41, 61.13877313555272, 42, 60.96124599593444, 43, 80.26576274359759, 44, 363.7589542520917, 45, 241.4991517503701
064, 01, 52.32226507724134, 02, 85.11855128765112, 03, 50.41003913211337, 04, 76.57034051023257, 05, 178.36143838307711, 06, 50.26902846435858, 07, 107.15412923022689, 08, 86.0823151542231, 09, 51.55300319061833, 10, 56.90657125343379, 11, 139.5702555054091, 12, 117.55639166953782, 13, 163.21697285631225, 14, 53.397665653831, 15, 130.0749709205426, 16, 54.609649189779894, 17, 41.71885351434098, 18, 100.1337377207349, 19, 97.13412352551468, 20, 213.33191435503113, 21, 52.24540925042787, 22, 197.90203541722468, 23, 63.141432104001886, 24, 150.84338004100772, 25, 50.36439422144467, 26, 110.0576558661173, 27, 120.40310160099241, 28, 69.6452913399475, 29, 112.75537903429543, 30, 60.7675892840305, 31, 65.25618052551826, 32, 170.75593256640556, 33, 128.96630582798076, 34, 54.73491500613179, 35, 55.06585972815107, 36, 58.96464372132319, 37, 42.37944299741791, 38, 248.96296800311697, 39, 52.907578470304614, 40, 147.59097655703331, 41, 50.08125200067595, 42, 177.01782403172433, 43, 241.983806303882, 44, 114.01263532981015, 45, 98.11930743605453
065, 01, 96.40745793256521, 02, 241.39206652852505, 03, 205.89610454033095, 04, 95.05096411359105, 05, 179.13002797167874, 06, 188.4351404190024, 07, 183.9229564265858, 08, 193.45943669711625, 09, 228.6064563253815, 10, 114.50871981900828, 11, 208.58404684195665, 12, 192.9829521490381, 13, 91.06672478783985, 14, 112.1690920982854, 15, 167.517721608563, 16, 176.35910745397447, 17, 450.8148379407743, 18, 92.89397141845842, 19, 98.56754596638423, 20, 96.84039936386391, 21, 338.6772060220955, 22, 83.07052917246656, 23, 309.76835056273075, 24, 265.7656362488125, 25, 190.3487907530708, 26, 99.67018361291605, 27, 95.19620704300203, 28, 345.5172293534644, 29, 241.09235412866556, 30, 87.09578034868017, 31, 93.20408198830178, 32, 85.17705590980091, 33, 176.9862433569248, 34, 265.7625623847736, 35, 322.46160503238224, 36, 175.4960778321102, 37, 256.8129256747667, 38, 95.03883364463735, 39, 88.04124682088371, 40, 298.22014268748643, 41, 96.75765032960297, 42, 220.63857653411605, 43, 95.02934393729689, 44, 261.1675393586203, 45, 101.54684958357856
066, 01, 81.29049880941369, 02, 88.82405925029327, 03, 124.01827343792584, 04, 117.4027940343251, 05, 649.482781699762, 06, 93.84321991263953, 07, 690.1173300443003, 08, 123.3532236036059, 09, 78.04475257897153, 10, 138.35882415051492, 11, 412.0364087865967, 12, 87.4739583231985, 13, 126.9263750001322, 14, 97.92880645195496, 15, 128.10438678508595, 16, 570.03442254892, 17, 87.34760484920233, 18, 131.53549556433316, 19, 82.94215333302274, 20, 85.38668543040572, 21, 121.76197587850054, 22, 229.26253590554666, 23, 77.87272076151359, 24, 129.07860949141153, 25, 119.8321234574252, 26, 125.51042920848064, 27, 73.29460333721383, 28, 90.95420304474666, 29, 89.5410710897216, 30, 88.73771156816038, 31, 282.9611451748624, 32, 129.59775658807044, 33, 90.65299409449176, 34, 70.74222812390379, 35, 153.17502114563345, 36, 89.93756851155914, 37, 130.53026374504756, 38, 146.44037005448618, 39, 123.33184093568812, 40, 343.2044856627373, 41, 281.0943937553985, 42, 261.07449542712845, 43, 102.43545292537912, 44, 87.82690841744655, 45, 657.9274666727458
067, 01, 157.26767283419494, 02, 61.62126454667322, 03, 50.58690816346197, 04, 176.64393514102113, 05, 240.0580137081967, 06, 517.2612190010966, 07, 225.21282129178775, 08, 324.63738727269936, 09, 122.61527569142359, 10, 58.677891389080365, 11, 122.57000112529131, 12, 207.3500831628543, 13, 392.67379076762893, 14, 64.10330381038628, 15, 187.9240890133774, 16, 320.62381307081716, 17, 58.41098580246766, 18, 61.614371804309215, 19, 61.744215543558916, 20, 54.36962995881167, 21, 67.13915042466556, 22, 120.93074150358252, 23, 150.3788637018188, 24, 129.54822222172572, 25, 74.33139415663344, 26, 55.10442727693608, 27, 60.31766059415353, 28, 196.44480783741278, 29, 155.52422930407485, 30, 181.9252076235239, 31, 56.94383749533288, 32, 55.52860721231324, 33, 73.09763262450147, 34, 67.10444614810335, 35, 131.04586686339178, 36, 138.67177740002938, 37, 522.6764627307126, 38, 62.22478099909089, 39, 63.21360507561642, 40, 434.1919773251487, 41, 63.44883121774429, 42, 197.704998614518, 43, 57.632852114329964, 44, 408.4949204497806, 45, 154.85073050677678
068, 01, 414.7617719448297, 02, 243.63922470566513, 03, 69.55592580396966, 04, 240.3721925799412, 05, 285.7599719209664, 06, 79.17926625579615, 07, 99.04789681210501, 08, 334.8448458191339, 09, 271.4250335814672, 10, 188.72217481575055, 11, 80.36271356567438, 12, 215.32519313828774, 13, 63.29021466256406, 14, 221.4253692391551, 15, 271.54229047882274, 16, 99.17179230786853, 17, 80.22025794918275, 18, 203.42736562792248, 19, 79.80567307940728, 20, 72.15346075708504, 21, 84.98829298969085, 22, 426.0386329536517, 23, 76.149236810276, 24, 215.6069266577565, 25, 510.8050159171236, 26, 334.61885405976335, 27, 366.32730672397764, 28, 225.4883505870198, 29, 88.36804218545072, 30, 78.02112419973398, 31, 62.00764793085152, 32, 213.90225246252416, 33, 93.43033154416982, 34, 344.98211930315586, 35, 352.4297248839692, 36, 89.63889963654904, 37, 90.4377841956813, 38, 88.83996020663794, 39, 186.84144247366117, 40, 284.4876564624831, 41, 180.2789330139294, 42, 188.24090647667595, 43, 84.91287842662538, 44, 74.58325115046182, 45, 188.5521250311752
069, 01, 128.6062743281254, 02, 29.57737110328997, 03, 30.423919410387064, 04, 105.2089757124988, 05, 147.8167894115025, 06, 157.2756533751073, 07, 44.24024673098065, 08, 37.22250683489157, 09, 108.83814022268386, 10, 30.653864958287482, 11, 96.37755213629019, 12, 94.05114917543025, 13, 39.66886774479982, 14, 112.91313239191655, 15, 120.51690308911097, 16, 183.14703980536956, 17, 29.27678389789265, 18, 31.510897491385293, 19, 44.11538144794725, 20, 78.90858694749309, 21, 30.47900126116191, 22, 112.54851401925464, 23, 119.97552739867392, 24, 101.69858617772552, 25, 32.78771746094288, 26, 32.600676620499975, 27, 28.885058038216833, 28, 122.02225006360895, 29, 53.537314318088725, 30, 28.832788302511972, 31, 106.15235467212656, 32, 66.44549655554718, 33, 35.204566407351635, 34, 82.44301588985869, 35, 101.67961558114669, 36, 35.40110273557239, 37, 30.484997267038132, 38, 104.99433073068322, 39, 38.948786082095395, 40, 185.55179500343195, 41, 92.80868147975106, 42, 111.15820534252086, 43, 122.15596919834687, 44, 34.22229310749904, 45, 86.27306142066462
070, 01, 64.21017074659639, 02, 75.70738473235727, 03, 36.257207061449606, 04, 41.70476351254969, 05, 38.91377521837846, 06, 109.22237933072552, 07, 31.546989459196293, 08, 131.75950918516173, 09, 79.86320455327746, 10, 60.32118542637086, 11, 70.7126868636266, 12, 38.353415352102694, 13, 77.22935622150135, 14, 28.681912438059168, 15, 75.2622502243765, 16, 40.59139648536666, 17, 64.2125876390401, 18, 39.519108977759636, 19, 57.34791719916751, 20, 86.33356268653942, 21, 67.94406666730075, 22, 64.73093032967783, 23, 29.739681730381243, 24, 97.26625148730685, 25, 39.72357041892415, 26, 116.18703401056518, 27, 63.97187897233164, 28, 30.16656146360524, 29, 60.8434908713199, 30, 82.31631533355639, 31, 68.67284972897635, 32, 63.97786254647925, 33, 31.798234015199967, 34, 60.813002979972694, 35, 33.77267435132508, 36, 84.94968629473269, 37, 33.25942467120564, 38, 32.20645737496557, 39, 39.610983911454696, 40, 33.45277750556158, 41, 43.79037097468109, 42, 35.1257850102866, 43, 39.33278831881971, 44, 68.49141503004537, 45, 82.09576917228306
071, 01, 221.30405349515917, 02, 69.99823450505696, 03, 246.79394132148005, 04, 153.9753395758011, 05, 195.8371173137115, 06, 249.13150634525795, 07, 199.3774610232111, 08, 62.01995136383276, 09, 190.60572868799818, 10, 79.80846392578101, 11, 64.36083143743726, 12, 80.28355074377764, 13, 66.26569734937114, 14, 69.42952201197919, 15, 66.67495318558471, 16, 200.21967931827058, 17, 62.7458845449553, 18, 224.51753667861868, 19, 53.249391067015154, 20, 59.60157931060746, 21, 225.40703495833958, 22, 207.92233336734958, 23, 71.58025934769589, 24, 211.09773213561576, 25, 153.74907145392123, 26, 238.33522393513067, 27, 167.31304300039454, 28, 234.43768316078882, 29, 63.973024128771684, 30, 182.01791316598624, 31, 63.98587727389014, 32, 55.23780595649621, 33, 297.9759253162626, 34, 68.85372947075369, 35, 54.62872097848667, 36, 146.27792089609727, 37, 238.38546647507843, 38, 58.26858547188365, 39, 160.4389190061271, 40, 147.72489471397103, 41, 61.618042223357556, 42, 202.36777892362392, 43, 162.37594839921627, 44, 71.62764685182927, 45, 160.43023379427243
072, 01, 216.2812109169849, 02, 293.4727288415686, 03, 133.37641905214758, 04, 364.7177851874743, 05, 361.0875965762201, 06, 425.73624518506375, 07, 271.4318666363072, 08, 240.80609319532792, 09, 350.3785029465638, 10, 718.065623378079, 11, 142.65984232345468, 12, 346.1909915343211, 13, 183.75647780405708, 14, 306.8649687548983, 15, 311.95097395537334, 16, 116.57086885873018, 17, 175.7656756961433, 18, 191.53191235449495, 19, 219.9432883894943, 20, 133.9586320438618, 21, 394.9809773448919, 22, 166.02199744562526, 23, 353.59210164358876, 24, 299.03817528185226, 25, 369.09182029205493, 26, 114.60707823144801, 27, 280.40031727825215, 28, 115.4043075194999, 29, 200.86154200042193, 30, 121.41226795890316, 31, 148.41613678789037, 32, 222.21356943547713, 33, 125.95268335092092, 34, 152.36009872180745, 35, 355.43819892462545, 36, 256.4272288959331, 37, 128.2994480100793, 38, 399.4858512512949, 39, 364.198025035883, 40, 147.9385530982984, 41, 243.38530425584904, 42, 155.59184860660665, 43, 135.80058705782102, 44, 490.4646911993403, 45, 131.67465850436463
073, 01, 152.86692928458018, 02, 66.70871229080402, 03, 77.4466224102637, 04, 433.8233303689959, 05, 228.78855104403016, 06, 207.90503349458467, 07, 66.30401875128203, 08, 70.71520608233794, 09, 179.78420526108022, 10, 69.47952700568656, 11, 164.57651941926423, 12, 64.87437420153705, 13, 128.16936033789165, 14, 128.27895036389435, 15, 48.56515365478465, 16, 419.65919845094066, 17, 223.9752837025816, 18, 66.13589648019635, 19, 210.78815504635472, 20, 55.94893537314167, 21, 185.9432588522242, 22, 177.92115761474133, 23, 167.58620019595878, 24, 244.852802531647, 25, 64.325458644456, 26, 64.1378279717104, 27, 54.94422456600288, 28, 79.97426748133401, 29, 159.62342477757576, 30, 65.3116201072811, 31, 54.66533308534813, 32, 209.63083719198534, 33, 116.01652739842561, 34, 229.85951795206566, 35, 62.9713796893898, 36, 139.51285048037235, 37, 219.50258243556573, 38, 52.074943028511406, 39, 57.61185245648854, 40, 72.68811390980879, 41, 169.08383198913546, 42, 175.54899481349497, 43, 56.081859681802065, 44, 101.66976917748461, 45, 126.92909374608018
074, 01, 64.15158449081962, 02, 43.79949255967828, 03, 58.00394572988222, 04, 113.03024899557474, 05, 113.80596924485955, 06, 33.35246280652657, 07, 31.842586658477806, 08, 69.28167627177088, 09, 201.5739998517093, 10, 86.06413775159827, 11, 37.85728443103013, 12, 158.20658138809804, 13, 204.63299989096487, 14, 30.5570982791009, 15, 77.28807741948091, 16, 56.97222348517772, 17, 74.0854803550756, 18, 78.58497492095968, 19, 74.86214343785832, 20, 173.88099219180503, 21, 34.68817756083282, 22, 57.660231279429716, 23, 32.690075381117765, 24, 81.31278221421465, 25, 84.64657887817988, 26, 56.864624099866276, 27, 112.12890523183482, 28, 66.49670894375933, 29, 38.018871888067295, 30, 43.57764362978422, 31, 251.21380418692007, 32, 53.96307844686262, 33, 40.51815478459962, 34, 58.8254914284862, 35, 44.66276817740574, 36, 73.2969683996054, 37, 89.39837860116305, 38, 70.30524072534946, 39, 85.54210248444137, 40, 30.518966146980176, 41, 255.44406676964962, 42, 40.52152750122407, 43, 81.67407454662775, 44, 47.16080782697387, 45, 62.933691040648114
075, 01, 72.58206403373171, 02, 73.37949407753612, 03, 68.4941047279451, 04, 184.35000906144305, 05, 65.73088261259247, 06, 58.83271769513126, 07, 74.84261824766484, 08, 148.71060196877036, 09, 66.63622767558928, 10, 49.59559341475347, 11, 199.6119380474841, 12, 187.3531969130601, 13, 258.0567329502204, 14, 67.19172043404748, 15, 59.01515097901463, 16, 144.5771619710095, 17, 201.05556693085995, 18, 180.59968132528255, 19, 201.02809343110226, 20, 242.6491080785044, 21, 68.08236816025048, 22, 149.41584642621243, 23, 56.50475372809825, 24, 153.6627949019606, 25, 153.09216863807183, 26, 214.81371127488006, 27, 155.1809434200965, 28, 154.0377204362313, 29, 49.647795046815205, 30, 210.78778945278108, 31, 173.70738706098703, 32, 253.1744353046882, 33, 181.50798088820997, 34, 73.58782636111765, 35, 80.09132479331069, 36, 167.58712417940222, 37, 191.1457787338805, 38, 161.7008117461965, 39, 57.307382240777216, 40, 227.62741105641476, 41, 63.233874148232005, 42, 63.98150447094859, 43, 61.06175365746501, 44, 264.374396983934, 45, 70.5806787969351
076, 01, 236.27032597556484, 02, 95.67459845172917, 03, 82.97961308497966, 04, 93.52296822316828, 05, 102.15844914200196, 06, 247.66927436609666, 07, 245.2581841979216, 08, 189.09036321597782, 09, 108.71864386012108, 10, 184.5457297294011, 11, 99.85155465039655, 12, 195.61012634896284, 13, 213.98685892141194, 14, 140.72354192626503, 15, 282.12188177773083, 16, 89.86859520062633, 17, 170.99856524792963, 18, 104.23892272782525, 19, 248.44767895742652, 20, 291.1606675999829, 21, 249.47053569916415, 22, 267.4912308702577, 23, 111.14776135497951, 24, 223.8701931653987, 25, 100.55221331070939, 26, 84.79094776378982, 27, 258.02138944596834, 28, 204.18925785059565, 29, 189.47064672751333, 30, 94.60826631738993, 31, 270.4813816338186, 32, 217.0121078894409, 33, 104.36081761779867, 34, 109.86411282896525, 35, 204.4252225122163, 36, 87.30071674072619, 37, 310.3717504104219, 38, 222.55679693824285, 39, 277.00014536369565, 40, 93.37523232319842, 41, 259.4541219240917, 42, 115.87014477983226, 43, 119.53734091973733, 44, 102.6439356420238, 45, 226.255674373958
077, 01, 57.52654258203654, 02, 32.44808162825453, 03, 105.4280884752856, 04, 109.55823939916554, 05, 121.6610937555854, 06, 84.16358207407262, 07, 81.37457694413051, 08, 49.47288037536204, 09, 59.27219825167813, 10, 144.17772017687443, 11, 77.7683887216098, 12, 85.18772796540497, 13, 142.68629307031765, 14, 65.94382736631124, 15, 61.85126400774302, 16, 39.16363217331853, 17, 114.06174398385488, 18, 51.10538783773025, 19, 42.26687427312548, 20, 111.44360844040757, 21, 89.77773301859797, 22, 68.90495803607844, 23, 109.67646460358951, 24, 52.28866140705857, 25, 174.38348470367845, 26, 77.48664210107019, 27, 57.928311008312086, 28, 87.53589817385779, 29, 53.914417110134174, 30, 55.327044877271476, 31, 113.97598179489992, 32, 47.26595686074107, 33, 51.22677410629101, 34, 41.84670189493498, 35, 111.80549932526708, 36, 134.54825496521727, 37, 114.707782871429, 38, 45.15200243947429, 39, 50.92373230449461, 40, 35.5288517482059, 41, 114.96610580846448, 42, 33.422362914993954, 43, 105.27555724568488, 44, 112.78759904497936, 45, 138.9325995204494
078, 01, 175.7031128852907, 02, 100.77625563275966, 03, 203.2693814510156, 04, 171.3996947317112, 05, 204.9120578838813, 06, 187.8514274697418, 07, 267.7831104935708, 08, 266.61045091279084, 09, 110.99632339348166, 10, 105.57198520098314, 11, 98.73621281791863, 12, 92.89030341541516, 13, 103.16386509322892, 14, 103.52486235724407, 15, 96.89884763778453, 16, 233.00154159817552, 17, 540.2116173229233, 18, 278.60188480814753, 19, 261.76288887917656, 20, 89.53267190091138, 21, 82.25005095535701, 22, 322.00143906929645, 23, 273.38866751666376, 24, 567.9173941784863, 25, 293.7155844411427, 26, 103.60222969932832, 27, 113.57977870364157, 28, 118.5823067441438, 29, 101.43217987296597, 30, 87.95334536243716, 31, 214.9755841905463, 32, 104.81798617117701, 33, 85.01867784708946, 34, 194.4962855401953, 35, 261.50902436575643, 36, 276.550782115928, 37, 167.74199216921446, 38, 175.82646459192898, 39, 83.05435916110633, 40, 230.88503792178508, 41, 295.4688784035, 42, 89.37558293391007, 43, 232.23014000047652, 44, 257.53473074479825, 45, 79.28069268450784
079, 01, 69.16408390298177, 02, 286.9382079897571, 03, 142.4912851306488, 04, 144.7696559695352, 05, 131.3942587005757, 06, 151.74499788324866, 07, 174.09232851615894, 08, 218.58904020466457, 09, 215.80899537865383, 10, 178.8323253803613, 11, 184.92421520523436, 12, 76.5849651000897, 13, 107.07992912018264, 14, 83.68193850911754, 15, 250.2519781082758, 16, 79.36958988935626, 17, 79.23283737909883, 18, 79.71362336121472, 19, 84.28139251867283, 20, 182.21738734696663, 21, 197.488972915938, 22, 86.63600300972587, 23, 175.3116248898762, 24, 79.58028854161157, 25, 240.05914830140404, 26, 84.35997527681039, 27, 184.27630535096614, 28, 183.73489244894472, 29, 93.14769235072563, 30, 221.9300452437266, 31, 71.80552921765744, 32, 72.84441236488587, 33, 170.9784231049241, 34, 219.4099517453023, 35, 222.07157501559655, 36, 228.03322653650565, 37, 72.46987100374562, 38, 172.3411417162158, 39, 210.42394874651433, 40, 201.6902562055115, 41, 74.74750426175987, 42, 76.07359104795526, 43, 178.11000414577717, 44, 85.64487729790876, 45, 73.68827996309076
080, 01, 37.170848397557144, 02, 45.411956093086715, 03, 56.089749102171524, 04, 63.14390752856485, 05, 37.95222284582992, 06, 52.46765457491277, 07, 46.07537078620946, 08, 47.37543776419044, 09, 122.55595655162865, 10, 74.9747202650176, 11, 77.85685213879039, 12, 134.93994710107933, 13, 50.2689847041675, 14, 45.32830045494954, 15, 177.53368200478752, 16, 61.04752125870188, 17, 114.17073869755204, 18, 188.55277806209983, 19, 62.32712198900413, 20, 51.97395370186338, 21, 111.30595393448334, 22, 151.1892619806511, 23, 66.88082844808773, 24, 75.3900532156753, 25, 195.86262778852063, 26, 244.84727913395596, 27, 104.28893303930485, 28, 64.12905969297738, 29, 35.65456920896339, 30, 54.2452976973846, 31, 131.71821978086683, 32, 179.2140804435122, 33, 126.55775104458777, 34, 49.1337378813893, 35, 64.54991307273875, 36, 35.93691584659988, 37, 49.0063161167311, 38, 51.91621853275941, 39, 214.57279966888012, 40, 40.29280492153414, 41, 38.49043841050576, 42, 172.503392796686, 43, 42.036523665669435, 44, 37.15087804579747, 45, 44.16733672642774
081, 01, 212.236220129922, 02, 101.01860873267324, 03, 65.41998145466239, 04, 58.20575988284412, 05, 131.5412507216359, 06, 60.34281920315656, 07, 63.034227902098806, 08, 260.1576328184965, 09, 74.18625667076182, 10, 108.29299219892748, 11, 71.10285776069736, 12, 141.18354244029496, 13, 124.35128958439805, 14, 175.3491512264303, 15, 60.729806630173606, 16, 73.9982792772259, 17, 149.5837109698194, 18, 51.61104994839602, 19, 247.5144420307519, 20, 59.00616208271765, 21, 167.88261167387816, 22, 52.59968599486645, 23, 208.34956187835124, 24, 57.46593189255357, 25, 57.81854785447026, 26, 145.13943580305443, 27, 64.57088269884747, 28, 59.947170869633716, 29, 182.66718225412154, 30, 202.24417564642258, 31, 67.1999075526794, 32, 60.10407621355764, 33, 300.8706103800504, 34, 67.87673111721176, 35, 133.14060649948334, 36, 131.1245625778015, 37, 59.10209393149272, 38, 261.0363462371386, 39, 149.44834296640823, 40, 286.0102753488069, 41, 255.13887522381702, 42, 57.94846251498084, 43, 254.14111940064586, 44, 182.1703201041056, 45, 141.90059333438245
082, 01, 120.45000530248281, 02, 672.1039523210609, 03, 576.9054161291936, 04, 308.52977694165173, 05, 126.72330800859235, 06, 103.48850970610428, 07, 309.90089127784483, 08, 280.0454466828681, 09, 421.26152440950773, 10, 121.04901087739924, 11, 94.52399859751169, 12, 101.61968991965531, 13, 121.17168335005765, 14, 96.30139798505279, 15, 792.979723822533, 16, 291.99561528172035, 17, 125.24572699929922, 18, 465.5864066208699, 19, 188.5022420937594, 20, 479.21889340720645, 21, 345.2619824613871, 22, 248.370132899291, 23, 110.54132431896414, 24, 478.79024254203824, 25, 120.34314462843263, 26, 450.68050628692816, 27, 259.0208311353557, 28, 260.75903054298834, 29, 341.3185513286472, 30, 552.9243062570805, 31, 358.071193993335, 32, 254.56457646246471, 33, 95.56242763681519, 34, 99.67567121324998, 35, 327.3736759950697, 36, 105.7827884647186, 37, 356.1128122034429, 38, 297.4987495784265, 39, 351.293597545376, 40, 183.44993098077236, 41, 113.6877308145599, 42, 98.21855573670405, 43, 121.77723785734577, 44, 270.04546151439445, 45, 526.3250717180248
083, 01, 34.47116961796085, 02, 44.54880393717118, 03, 64.89842222774216, 04, 13.244768274108711, 05, 66.19765751114258, 06, 29.75721969338496, 07, 16.423774150427906, 08, 12.97810972601987, 09, 15.47930298070553, 10, 13.421728954549769, 11, 19.973160018785784, 12, 14.36145168097841, 13, 14.23177456226384, 14, 24.09850581560143, 15, 21.901034436650804, 16, 15.3203383204908, 17, 14.689053413735644, 18, 12.261366726859947, 19, 35.37150198512928, 20, 33.42653376797411, 21, 25.023918953277622, 22, 13.83249012801745, 23, 19.29000945347601, 24, 12.635780704224068, 25, 21.854343777631062, 26, 23.082960005652858, 27, 22.714715245267055, 28, 31.329420128762717, 29, 12.744696147271185, 30, 15.200692643114275, 31, 23.170191462127878, 32, 19.99271185979094, 33, 31.273444290288456, 34, 14.439211018522059, 35, 21.053414320619133, 36, 12.115581136429793, 37, 14.489909249693008, 38, 15.314917757598522, 39, 19.18118881437555, 40, 13.79810920117212, 41, 23.587372685371385, 42, 20.852526531862075, 43, 13.536839626404136, 44, 39.34489038044252, 45, 46.869521625466824
084, 01, 111.65699088701142, 02, 342.7865276225476, 03, 222.78624652683774, 04, 113.45480557857283, 05, 302.08299119848203, 06, 486.4980431778623, 07, 206.88592852933834, 08, 201.33246073343713, 09, 337.9868696454857, 10, 132.87292206267995, 11, 95.37723752372945, 12, 300.23472981302314, 13, 312.5790969158882, 14, 110.16249288930457, 15, 109.93372208721159, 16, 618.1268233813098, 17, 158.3144686270459, 18, 96.217124104613, 19, 293.01134747544086, 20, 226.37021004499405, 21, 192.03666865372594, 22, 104.15538768799543, 23, 112.45828491726581, 24, 175.40302444254374, 25, 126.81355218185949, 26, 205.69546081765307, 27, 135.79517019637316, 28, 367.9818572533794, 29, 136.8518686171714, 30, 202.34698074948102, 31, 108.79906021044378, 32, 183.49208632308017, 33, 254.72313979625733, 34, 105.1253508047517, 35, 355.62171842098286, 36, 156.73450110103667, 37, 101.97560853395126, 38, 103.7572034121464, 39, 109.65735449618842, 40, 453.52729215938035, 41, 258.00767480242774, 42, 212.87279974974203, 43, 316.64439988719994, 44, 123.80954956624203, 45, 213.20338456662822
085, 01, 70.38308966011071, 02, 76.54663543392768, 03, 440.5289168106319, 04, 104.24762613197943, 05, 69.93426046602157, 06, 305.9003199833518, 07, 82.96519089399553, 08, 78.25616344140228, 09, 88.68634189356116, 10, 211.60852849587044, 11, 76.50388254841641, 12, 248.03733736672476, 13, 154.519988813611, 14, 192.28074337983176, 15, 269.63025518816994, 16, 307.51840711322757, 17, 298.29386890778096, 18, 177.17787905432255, 19, 296.9232956062501, 20, 80.42764914582801, 21, 433.4493340686602, 22, 163.88215793448282, 23, 267.5104000665885, 24, 274.54526380784955, 25, 76.78852592234246, 26, 482.7714670185237, 27, 247.16591139046236, 28, 95.25207931289626, 29, 186.60602639466612, 30, 76.20105940531813, 31, 201.7780868559054, 32, 69.76626209309384, 33, 367.05488143258907, 34, 201.84416801129137, 35, 84.4819337907387, 36, 82.82377736646292, 37, 432.5183078289676, 38, 102.87470243237922, 39, 71.13274715530581, 40, 72.65526829524653, 41, 270.32242126333165, 42, 80.99940956397143, 43, 69.90406342807427, 44, 253.77387555159666, 45, 151.29735891448536
086, 01, 70.75737113548985, 02, 117.17203404090226, 03, 62.63222167257824, 04, 257.3909097285872, 05, 121.12371662698142, 06, 111.29959412404878, 07, 77.65436590344116, 08, 116.25845901963275, 09, 72.52213035315859, 10, 69.59354841824278, 11, 60.79649700245962, 12, 160.34543388665992, 13, 70.95695515413014, 14, 114.28768823826802, 15, 73.5822350215397, 16, 126.09613368991506, 17, 203.37371016913332, 18, 80.01468256774709, 19, 128.11188328475856, 20, 140.38600924679048, 21, 63.91840540774657, 22, 140.7272084652919, 23, 106.78941982681474, 24, 137.22694630372558, 25, 116.03576331290954, 26, 105.82209453137861, 27, 76.73953165877413, 28, 123.12021345513146, 29, 62.63647428477244, 30, 111.35086347284782, 31, 90.98946404027703, 32, 63.86878574442507, 33, 211.15645077323774, 34, 73.42652249779742, 35, 124.5137820531424, 36, 131.08262877538724, 37, 233.0664650548062, 38, 70.37585784201215, 39, 76.98390473716961, 40, 67.40067036049642, 41, 80.79612276726344, 42, 67.82434376332044, 43, 235.83483992506586, 44, 101.2653387571338, 45, 101.03836865859458
087, 01, 301.7259408667774, 02, 228.76420471765795, 03, 404.9471466173214, 04, 242.1965585829079, 05, 64.77377138196432, 06, 229.35284693936273, 07, 67.84260904375124, 08, 189.6051299833644, 09, 432.34723197129324, 10, 60.83484380877225, 11, 210.58346257887993, 12, 50.332985501933805, 13, 196.5112575826835, 14, 232.02006519116912, 15, 187.35592330511514, 16, 123.79230854820212, 17, 224.63454912879405, 18, 124.08325988642983, 19, 253.44347649768088, 20, 54.26001749066512, 21, 374.85197032208623, 22, 61.93772049700051, 23, 456.24260992694747, 24, 266.81364777760666, 25, 52.85659642646139, 26, 433.69057967976886, 27, 62.723098836375755, 28, 142.31089806074107, 29, 58.35831259921122, 30, 55.538772302942654, 31, 231.21129637759682, 32, 59.99409082292262, 33, 62.861563815644786, 34, 54.85939778760013, 35, 65.9152020441191, 36, 260.8187570897318, 37, 230.1587761600916, 38, 206.38606929704923, 39, 145.5282067324452, 40, 48.51073116844295, 41, 51.34036069021571, 42, 55.80541672992565, 43, 56.444502465708794, 44, 73.45163888830643, 45, 62.12922351375564
088, 01, 145.2609280388046, 02, 89.6099208614481, 03, 73.86266626324121, 04, 164.79227105585392, 05, 255.0382384146529, 06, 201.58374859929035, 07, 296.8890550978564, 08, 228.79554186864033, 09, 344.53674253426044, 10, 113.20976737633357, 11, 192.78060027091968, 12, 310.2763912239287, 13, 67.51508792044903, 14, 241.09344708191594, 15, 311.55713684369164, 16, 291.43801317094193, 17, 60.558129267757316, 18, 71.8865130976582, 19, 83.63613708905476, 20, 309.4848914309207, 21, 216.8037477903788, 22, 94.6381430204538, 23, 277.7324681516194, 24, 311.74669870132755, 25, 75.3363482552719, 26, 72.26826994508983, 27, 88.51155497179545, 28, 270.82907546205195, 29, 75.45144263676637, 30, 193.32884793677198, 31, 344.79893360248496, 32, 81.77130696921054, 33, 59.687193365813485, 34, 83.61578625878931, 35, 253.48281390424964, 36, 86.59235255748578, 37, 76.50051965530858, 38, 79.1976090489749, 39, 211.9641431590556, 40, 162.90038429275882, 41, 242.33427835576904, 42, 79.34628712229335, 43, 138.00101811848012, 44, 342.5487700058344, 45, 77.00360953319912
089, 01, 31.801283025542965, 02, 104.49900861762035, 03, 136.52259848358645, 04, 114.77499712646011, 05, 234.16458962107885, 06, 188.65690426441068, 07, 247.8372443635961, 08, 193.34751219253633, 09, 102.89288625013982, 10, 35.09045909992473, 11, 220.59743203601374, 12, 32.759397514831235, 13, 43.72573206750426, 14, 180.2324125773303, 15, 189.76670106681482, 16, 33.42445289451833, 17, 41.66346052709026, 18, 108.92135683572376, 19, 139.66668335239024, 20, 209.1784342611333, 21, 115.71173617790589, 22, 35.557741314338, 23, 37.91405642286428, 24, 151.29130771548262, 25, 36.387764828220085, 26, 36.80495984853412, 27, 34.24517871818437, 28, 160.41033971870684, 29, 45.90715252799164, 30, 188.95764589380457, 31, 32.29523519648815, 32, 217.08736443951753, 33, 145.45406488642226, 34, 109.83948883270182, 35, 34.89202095215422, 36, 44.3391945081762, 37, 39.38949955787675, 38, 176.07651155302602, 39, 136.93909841390493, 40, 44.967894175776266, 41, 40.567206147933476, 42, 124.38016840498226, 43, 146.93556338488938, 44, 38.865993882841856, 45, 38.619256332487076
090, 01, 84.5685215907765, 02, 219.39656053061248, 03, 123.71504784715758, 04, 259.6049530241515, 05, 89.3395295223749, 06, 216.49082768607178, 07, 132.58258462766173, 08, 196.31289751566743, 09, 171.9936251617066, 10, 97.54159062516467, 11, 84.1718885114688, 12, 86.84422617127822, 13, 193.8184248562425, 14, 199.8280375864812, 15, 82.89299849995845, 16, 91.55224029330806, 17, 242.90409595986443, 18, 97.66641225254699, 19, 107.88801608938427, 20, 85.1034848279345, 21, 97.69934094209984, 22, 256.42624843346, 23, 95.1493720754456, 24, 171.99172760819516, 25, 83.98854291037453, 26, 89.50605882964486, 27, 270.72375842748454, 28, 265.8603702773675, 29, 146.4489956203352, 30, 203.33890817272217, 31, 92.25152363845504, 32, 94.49177060729913, 33, 269.9800521007557, 34, 91.44426401821951, 35, 244.13452217155927, 36, 295.63627795471047, 37, 100.83471102682277, 38, 253.2612631405725, 39, 185.9833013175527, 40, 207.32475441030374, 41, 98.44479701535629, 42, 144.38411497987155, 43, 185.89245144783905, 44, 208.20423016887702, 45, 181.91803291871278
091, 01, 202.82867839668407, 02, 380.4197799816616, 03, 69.62809614255596, 04, 278.4495898883543, 05, 63.92354867367548, 06, 67.09549448421186, 07, 320.1474286706159, 08, 287.34119591481993, 09, 273.3774010939472, 10, 211.3799168936526, 11, 240.2049952405549, 12, 113.02297908017715, 13, 177.1767986729431, 14, 194.31406818637137, 15, 173.57822419706253, 16, 71.36739876793375, 17, 71.52196724818475, 18, 68.50479655318415, 19, 254.512908766782, 20, 70.62781566170463, 21, 59.40279221283098, 22, 207.84858288940845, 23, 65.63834228088817, 24, 224.9896901394446, 25, 190.69592033327845, 26, 203.07585017728448, 27, 250.54601920988597, 28, 65.1557711750571, 29, 193.89998201716145, 30, 69.13130920269906, 31, 50.305405319408294, 32, 59.806787352065996, 33, 70.97193938637764, 34, 60.80044079883265, 35, 232.67894122568427, 36, 66.85028108665021, 37, 179.38554251914692, 38, 250.93206024064497, 39, 150.16738515680262, 40, 374.22044630448875, 41, 278.24235596901343, 42, 63.838114559928705, 43, 74.1399800337088, 44, 271.6247851102501, 45, 75.90344219846295
092, 01, 88.86411332661679, 02, 922.0013059638284, 03, 88.31912673292078, 04, 413.74703471759824, 05, 387.97464829515263, 06, 98.9103307979529, 07, 85.37754346033803, 08, 379.4258884393653, 09, 83.67906169263405, 10, 95.6638260953108, 11, 260.14310803276055, 12, 249.3563404544048, 13, 99.58108699965719, 14, 118.38778876692444, 15, 89.03146139322818, 16, 252.5632841856389, 17, 224.4375690413769, 18, 95.34585391159882, 19, 94.42266022616805, 20, 101.934151427866, 21, 388.5675909663012, 22, 393.25915198987315, 23, 89.41579000144063, 24, 97.72706241880528, 25, 105.62565820085112, 26, 352.84713198833, 27, 137.83304146967532, 28, 234.56223437459494, 29, 212.3097022870063, 30, 373.7895975857099, 31, 79.06878322172906, 32, 120.96685732764695, 33, 100.02465774452332, 34, 328.4109551088874, 35, 202.81689489533088, 36, 159.77740756303598, 37, 95.59231880760441, 38, 192.58591921398974, 39, 422.9783889518677, 40, 131.09609936208093, 41, 397.80819066613213, 42, 338.6718255474408, 43, 214.87715641071472, 44, 567.5437266246403, 45, 104.91903105962342
093, 01, 299.1176164509468, 02, 294.02149657975684, 03, 120.86990335275132, 04, 265.5680223843562, 05, 141.66366626753765, 06, 195.84979253177158, 07, 138.29404876328383, 08, 416.80610929985403, 09, 168.1625366783563, 10, 142.7870779549709, 11, 119.4019867205484, 12, 157.6659500190818, 13, 292.9418127475495, 14, 218.3475354294993, 15, 122.76017950870535, 16, 382.5617871501543, 17, 128.01514336038773, 18, 201.36758992305204, 19, 279.9908617979042, 20, 415.9010452879476, 21, 374.1961940201715, 22, 297.87360032735853, 23, 142.25076877977676, 24, 318.9090306270401, 25, 142.8553142975335, 26, 253.54999108629667, 27, 321.5407393663872, 28, 282.1268630770957, 29, 206.98810805299087, 30, 256.16789916742033, 31, 366.56608208347234, 32, 317.86177587181083, 33, 450.336369872928, 34, 137.28775497090064, 35, 317.31715877102107, 36, 152.50574350126163, 37, 173.25330971661322, 38, 139.98075105015602, 39, 158.2166083604233, 40, 274.4350642909956, 41, 302.4612065104623, 42, 161.297128012741, 43, 120.60232512336033, 44, 132.12049182260074, 45, 138.8570673390222
094, 01, 231.86934283123088, 02, 75.9344456618887, 03, 97.61739524678853, 04, 92.1062069698042, 05, 80.3757500414632, 06, 173.62221940885814, 07, 316.7241717970141, 08, 83.67866986058762, 09, 246.8743147206667, 10, 75.50565084612359, 11, 80.86516759758072, 12, 119.31080242043848, 13, 90.63467961591103, 14, 200.8062371096337, 15, 93.866533698536, 16, 89.4869954703985, 17, 358.320766151618, 18, 76.60701464175149, 19, 83.17349293371703, 20, 98.99137368039206, 21, 258.2650981503703, 22, 278.18009458562915, 23, 271.28693363942574, 24, 151.4619129069282, 25, 153.58400851701117, 26, 88.30406199366335, 27, 103.42894218079748, 28, 203.71272666100438, 29, 193.12569016654888, 30, 159.42100003548506, 31, 178.22602183667925, 32, 142.2210464675426, 33, 178.420771548566, 34, 168.2254186440728, 35, 345.1056561914141, 36, 186.36475038143848, 37, 241.06587178912864, 38, 132.9126731135809, 39, 349.9302109516392, 40, 79.73299088182745, 41, 304.5073230936981, 42, 87.90866675768694, 43, 357.17621246428223, 44, 142.07666849670485, 45, 180.38725331931033
095, 01, 332.28862989207414, 02, 494.9400726817359, 03, 264.4256017609203, 04, 114.97968420070438, 05, 262.12350873178974, 06, 99.09469968583637, 07, 230.88287304045457, 08, 105.91211887870267, 09, 85.94949298779753, 10, 339.60407264482035, 11, 132.40615912534327, 12, 98.64850260584387, 13, 97.49375103481293, 14, 599.7796073286643, 15, 97.97722657769432, 16, 496.48173525810546, 17, 239.06324191224195, 18, 230.98834352951718, 19, 312.83501803257997, 20, 210.37420140391788, 21, 417.5555029654923, 22, 365.88685896658416, 23, 102.97367334565972, 24, 286.5634514190441, 25, 529.0757222118019, 26, 111.75524814927863, 27, 302.61952376012755, 28, 95.79786047299858, 29, 261.0340138877982, 30, 88.92843382864419, 31, 401.8064187429267, 32, 87.89161328324114, 33, 413.76004069711536, 34, 110.36513843370471, 35, 92.40414563754248, 36, 103.12910706497374, 37, 96.4017795625821, 38, 426.65125933586233, 39, 445.71706819435485, 40, 292.2065067056186, 41, 100.80487353491876, 42, 85.43307817539925, 43, 223.68268253688626, 44, 99.07686150809648, 45, 189.62602566634774
096, 01, 179.07633005846566, 02, 72.02223459557257, 03, 66.65396555804541, 04, 60.42700240623431, 05, 92.69741856116447, 06, 185.10522227723024, 07, 75.32560663355544, 08, 185.91005080267524, 09, 270.23121492809935, 10, 73.62944439393523, 11, 101.44543364037494, 12, 65.16641247350894, 13, 170.94949695392023, 14, 170.5828155114156, 15, 73.45728706862538, 16, 167.81521420769735, 17, 162.5777906397595, 18, 80.32379269783664, 19, 196.67694979651688, 20, 203.7023011273088, 21, 185.69315135686045, 22, 180.36776328103278, 23, 174.9813798578592, 24, 210.42452369078646, 25, 89.09532567175454, 26, 72.91490464313748, 27, 144.77304658047373, 28, 156.7882038314528, 29, 152.72349027957466, 30, 70.42207639460256, 31, 178.71256431859024, 32, 72.7473868514931, 33, 227.7748449396166, 34, 66.1411770364319, 35, 366.576069220766, 36, 301.9031996968555, 37, 87.55182828945468, 38, 72.73670814838918, 39, 58.52260282565393, 40, 146.20695687930802, 41, 200.17678651203974, 42, 150.0651861716224, 43, 157.7266624396196, 44, 75.68204861504331, 45, 192.0441145845902
097, 01, 306.14681372370933, 02, 63.00808159028615, 03, 159.0309024915535, 04, 66.33105580605823, 05, 409.11570994095445, 06, 240.61442495064702, 07, 68.66443060874714, 08, 138.73714902606218, 09, 372.796628683144, 10, 158.97718628811356, 11, 406.19660877875685, 12, 102.57676110825382, 13, 216.28663049000497, 14, 362.54819827646475, 15, 158.82997850876382, 16, 309.85218654177595, 17, 151.30488739478355, 18, 378.65290081563995, 19, 98.60524222349488, 20, 167.68926990347214, 21, 394.8339748919813, 22, 141.29488608207384, 23, 424.6482501477134, 24, 325.43946000789555, 25, 62.072683785138054, 26, 141.1185076555774, 27, 177.29231612942215, 28, 117.68582412117868, 29, 225.34002803503603, 30, 77.9895793296633, 31, 256.8746891141285, 32, 239.86600861979292, 33, 426.8210638342815, 34, 425.64662943247805, 35, 398.5057610958129, 36, 80.09406290079453, 37, 382.33352334245507, 38, 226.1135294312372, 39, 127.47160202242756, 40, 82.92705830602168, 41, 252.09042291341606, 42, 75.51085565601834, 43, 193.01422813297148, 44, 324.93571649526905, 45, 162.13606519772455
098, 01, 104.60292688852078, 02, 129.67473670196733, 03, 122.9469646501177, 04, 261.35178454506877, 05, 289.4026612147773, 06, 284.8195701947868, 07, 131.9896178491082, 08, 139.05366591521678, 09, 140.16516155842754, 10, 167.08386616162838, 11, 108.0519339903074, 12, 119.88081780176722, 13, 263.53708339617424, 14, 405.4141107205745, 15, 162.42562282853274, 16, 120.21729026534963, 17, 137.76061248349646, 18, 363.6127220882464, 19, 108.91865489585169, 20, 284.04999797078307, 21, 280.66305815701617, 22, 319.52174364189807, 23, 122.00022323944597, 24, 343.52657365417775, 25, 445.2173732208902, 26, 116.85105420732202, 27, 137.56605868971874, 28, 415.2645308858411, 29, 284.63538217813846, 30, 114.74955656346046, 31, 106.05865346475252, 32, 326.5784584907141, 33, 423.71673085781447, 34, 370.3133958362449, 35, 535.3637459916176, 36, 314.7387322380332, 37, 301.0728692167364, 38, 494.2215021118677, 39, 261.53509668941217, 40, 385.96106511622196, 41, 115.05102413156055, 42, 436.65682418092985, 43, 120.68799065652217, 44, 350.71338641350684, 45, 255.1279716483598
099, 01, 290.9654621550976, 02, 156.80754950387197, 03, 119.75831915965541, 04, 391.0880876097452, 05, 271.3921109376609, 06, 154.79034806870132, 07, 217.76753277950448, 08, 358.90092251674383, 09, 166.85733683698248, 10, 148.41161824040574, 11, 352.8299996417692, 12, 148.0644084907226, 13, 114.43883078387239, 14, 124.77407053682714, 15, 103.07277216614118, 16, 285.58861413164396, 17, 262.70683800105246, 18, 284.94192556375594, 19, 274.6756282420676, 20, 279.88031506487147, 21, 137.24482926739023, 22, 345.85236293280525, 23, 228.92324815255398, 24, 367.0147923851956, 25, 343.45335568081066, 26, 293.0198212777774, 27, 175.50333825465813, 28, 185.14421625193887, 29, 193.6036596623656, 30, 128.1982038150133, 31, 201.12542933222736, 32, 380.823724307567, 33, 296.8327563288974, 34, 124.1549336447966, 35, 136.5312009827509, 36, 127.39846314228423, 37, 250.1453383217052, 38, 288.2198109622663, 39, 130.97609462255747, 40, 244.3988172171048, 41, 130.00806097886067, 42, 114.99836403890461, 43, 173.37079817410202, 44, 127.46829756592797, 45, 271.2200843802363
100, 01, 59.45762629630515, 02, 163.23978864784345, 03, 66.37868486523506, 04, 159.4627571077121, 05, 189.76605859635418, 06, 187.39973064120835, 07, 186.3933377851941, 08, 70.76146113019044, 09, 64.88111399553485, 10, 159.94884611137658, 11, 151.19346172235478, 12, 156.8230266987917, 13, 209.95544075727372, 14, 73.9877035557823, 15, 75.96558061306622, 16, 167.74272716788758, 17, 165.6392217262324, 18, 84.80863478224857, 19, 193.33508849632958, 20, 60.06201644636445, 21, 65.72090846850662, 22, 182.4135634483071, 23, 200.5042357893776, 24, 71.63082479587163, 25, 179.10461255002082, 26, 167.16708375586063, 27, 148.60309645295808, 28, 195.19280377060994, 29, 174.6896796798104, 30, 187.58470433948068, 31, 151.10471944847671, 32, 73.53298990782719, 33, 223.79694812677562, 34, 165.90139365269152, 35, 64.610424132994, 36, 68.14320655064776, 37, 60.694645837375674, 38, 77.75405014784613, 39, 73.94801877069759, 40, 166.7206666877038, 41, 71.48402224262865, 42, 90.74577825851082, 43, 70.72152291017737, 44, 164.43356691973162, 45, 72.02634284981717
